,Year,Quarter,LGA,Total number of presumptives,Total examined with Xpert,Total examined with Truenat,Total examined with AFB,Total examined with TB LAMP,Total examined with LF-LAM and others,Screened with X-ray,Truenat positive,Smear positive,TB LAMP positive,LF LAM positive,Chest X-ray suggestive,Other Clinical Diagnosis,Total diagnosed,Rifampicin resistant,HIV positive,HIV unknown,Presumptives that are HCWs,YEAR QUARTER
0,2019,1,Birnin-Gwari,58,993,0,24,0,0,283,0,0,0,0,6,0,25,0,2,0,0,2019 Q1
1,2019,1,Chikun,346,673,0,194,0,0,253,0,16,0,0,25,0,66,0,99,25,0,2019 Q1
2,2019,1,Giwa,201,1045,0,793,0,0,394,0,34,0,0,0,46,38,1,16,0,0,2019 Q1
3,2019,1,Igabi,261,470,0,745,0,0,247,0,68,0,0,32,0,70,3,10,0,0,2019 Q1
4,2019,1,Ikara,209,2717,152,618,0,27,33,0,76,0,0,0,23,13,0,5,0,0,2019 Q1
5,2019,1,Jaba,142,1652,0,336,0,0,40,0,46,0,0,0,10,20,0,1,0,0,2019 Q1
6,2019,1,Jema'a,336,2902,0,212,30,0,269,0,35,5,0,14,30,71,1,64,8,0,2019 Q1
7,2019,1,Kachia,266,3794,0,87,10,0,97,0,18,2,0,3,28,43,0,2,0,0,2019 Q1
8,2019,1,Kaduna North,943,5318,0,0,0,0,10,0,0,0,0,28,0,101,4,99,0,0,2019 Q1
9,2019,1,Kaduna South,671,3241,0,0,0,0,27,0,0,0,0,31,0,159,1,147,1,0,2019 Q1
10,2019,1,Kagarko,106,4971,0,56,3,0,37,0,77,3,0,41,3,18,0,3,0,0,2019 Q1
11,2019,1,Kajuru,60,5521,0,237,2,0,20,0,299,2,0,24,0,10,0,0,0,0,2019 Q1
12,2019,1,Kaura,151,1510,55,0,0,0,20,12,0,0,0,24,0,26,1,7,0,0,2019 Q1
13,2019,1,Kauru,60,1671,71,0,0,0,24,7,0,0,0,24,1,11,0,0,0,0,2019 Q1
14,2019,1,Kubau,196,2702,203,2,0,0,47,11,2,0,0,16,0,15,0,4,0,0,2019 Q1
15,2019,1,Kudan,160,2257,314,249,0,0,179,9,52,0,0,54,0,13,0,1,0,0,2019 Q1
16,2019,1,Lere,476,590,18,200,0,0,10,0,1,0,0,13,0,30,1,1,0,0,2019 Q1
17,2019,1,Markafi,196,458,0,284,0,0,9,0,0,0,0,9,0,24,0,3,0,0,2019 Q1
18,2019,1,Sabon-Gari,169,1272,0,371,0,0,7,0,3,0,0,7,0,34,0,0,0,169,2019 Q1
19,2019,1,Sanga,252,671,0,404,0,0,23,0,1,0,0,29,19,30,0,46,0,0,2019 Q1
20,2019,1,Soba,34,481,0,20,0,0,20,0,3,0,0,11,0,12,0,2,0,0,2019 Q1
21,2019,1,Zango-Kataf,114,324,0,40,0,0,23,0,6,0,0,0,6,18,1,3,0,0,2019 Q1
22,2019,1,Zaria,266,722,0,30,0,0,10,0,4,0,0,3,0,93,1,19,0,0,2019 Q1
23,2019,2,Birnin-Gwari,30,622,0,17,0,0,8,0,18,0,0,8,0,18,0,0,0,0,2019 Q2
24,2019,2,Chikun,403,1652,0,76,0,0,39,0,13,0,0,29,0,65,0,77,22,1,2019 Q2
25,2019,2,Giwa,135,1312,0,259,6,0,63,0,26,6,0,0,22,49,0,11,11,0,2019 Q2
26,2019,2,Igabi,215,2387,0,635,230,0,257,0,63,25,0,30,13,40,2,5,0,0,2019 Q2
27,2019,2,Ikara,195,3637,0,532,0,0,219,0,192,2,0,77,0,20,0,4,0,0,2019 Q2
28,2019,2,Jaba,110,4215,0,0,0,0,27,0,0,0,0,15,0,22,0,5,0,0,2019 Q2
29,2019,2,Jema'a,292,1341,0,1056,0,0,119,0,147,0,0,0,23,47,2,35,110,0,2019 Q2
30,2019,2,Kachia,175,1587,0,2540,0,0,169,0,240,0,0,8,26,44,0,4,0,0,2019 Q2
31,2019,2,Kaduna North,1111,1829,0,2556,0,0,167,0,247,0,0,0,33,176,1,27,369,0,2019 Q2
32,2019,2,Kaduna South,913,6284,0,51,46,0,485,0,14,5,0,109,13,227,0,162,149,0,2019 Q2
33,2019,2,Kagarko,66,7361,0,0,0,0,173,0,0,3,0,83,0,23,0,1,0,0,2019 Q2
34,2019,2,Kajuru,52,6490,0,0,1,0,164,0,0,0,0,198,0,10,0,1,0,0,2019 Q2
35,2019,2,Kaura,112,8935,0,235,15,0,428,0,182,5,0,264,0,13,0,3,0,0,2019 Q2
36,2019,2,Kauru,30,4073,0,119,139,0,388,0,0,32,0,104,0,13,1,0,0,0,2019 Q2
37,2019,2,Kubau,153,2140,0,0,31,0,684,0,0,4,0,111,0,19,0,2,0,0,2019 Q2
38,2019,2,Kudan,140,4061,0,1,65,0,502,0,0,25,0,97,0,11,0,0,0,0,2019 Q2
39,2019,2,Lere,303,5357,0,0,27,0,289,0,0,14,0,122,0,25,0,2,0,0,2019 Q2
40,2019,2,Markafi,233,34,0,0,0,0,1,0,0,0,0,1,0,30,0,2,0,0,2019 Q2
41,2019,2,Sabon-Gari,250,457,0,0,0,0,0,0,0,0,0,0,0,44,1,0,0,0,2019 Q2
42,2019,2,Sanga,202,789,0,0,0,0,0,0,0,0,0,0,0,26,1,40,0,0,2019 Q2
43,2019,2,Soba,36,1827,0,0,0,0,0,0,0,0,0,1,0,9,0,1,0,0,2019 Q2
44,2019,2,Zango-Kataf,181,2833,0,147,0,0,0,0,21,0,0,3,0,34,0,9,0,0,2019 Q2
45,2019,2,Zaria,689,2998,0,456,0,0,3,0,46,0,0,3,0,101,0,8,0,0,2019 Q2
46,2019,3,Birnin-Gwari,124,3366,0,385,0,0,0,0,36,0,0,3,0,14,0,0,0,0,2019 Q3
47,2019,3,Chikun,476,4256,0,437,0,0,28,0,163,0,0,13,0,67,0,60,148,0,2019 Q3
48,2019,3,Giwa,211,341,0,87,0,0,21,0,2,0,0,3,0,32,2,30,0,0,2019 Q3
49,2019,3,Igabi,433,521,0,54,0,0,5,0,8,0,0,5,0,66,0,4,170,0,2019 Q3
50,2019,3,Ikara,354,1039,0,240,0,0,23,0,7,0,0,0,2,17,2,2,0,0,2019 Q3
51,2019,3,Jaba,243,604,0,155,0,0,50,0,48,0,0,0,14,12,0,3,141,0,2019 Q3
52,2019,3,Jema'a,606,5254,0,1203,0,0,0,0,8,0,0,0,0,65,0,44,363,0,2019 Q3
53,2019,3,Kachia,747,1243,0,3900,0,0,0,0,327,0,0,0,0,82,0,1,0,0,2019 Q3
54,2019,3,Kaduna North,1139,1034,0,7312,0,0,0,0,407,0,0,51,0,174,1,88,523,0,2019 Q3
55,2019,3,Kaduna South,2231,1604,0,1876,0,0,3549,0,170,0,0,303,0,185,9,188,1129,0,2019 Q3
56,2019,3,Kagarko,63,523,0,10,0,0,6,0,10,0,0,6,0,11,0,0,0,0,2019 Q3
57,2019,3,Kajuru,442,830,0,5,0,0,4,0,5,0,0,5,0,22,0,0,0,0,2019 Q3
58,2019,3,Kaura,272,1817,0,56,0,0,2,0,11,0,0,2,0,18,0,1,146,1,2019 Q3
59,2019,3,Kauru,193,1059,0,16,0,0,8,0,15,0,0,7,0,22,0,0,0,0,2019 Q3
60,2019,3,Kubau,340,707,0,15,0,0,24,0,0,0,0,5,0,17,0,0,0,0,2019 Q3
61,2019,3,Kudan,224,963,0,13,0,0,33,0,2,0,0,3,0,12,0,11,0,0,2019 Q3
62,2019,3,Lere,431,1257,0,40,0,0,123,0,3,0,0,4,0,26,1,1,0,0,2019 Q3
63,2019,3,Markafi,341,970,0,49,0,0,67,0,4,0,0,4,0,32,0,1,0,0,2019 Q3
64,2019,3,Sabon-Gari,897,617,0,0,0,0,5,0,0,0,0,4,1,62,0,1,0,0,2019 Q3
65,2019,3,Sanga,308,679,0,1,0,2,5,0,1,2,0,0,4,26,0,0,0,0,2019 Q3
66,2019,3,Soba,141,883,0,0,2,0,5,0,0,2,0,5,0,18,0,0,0,0,2019 Q3
67,2019,3,Zango-Kataf,191,963,0,0,5,0,6,0,0,5,0,6,0,27,0,1,0,0,2019 Q3
68,2019,3,Zaria,1608,977,0,57,0,0,152,0,6,0,0,23,0,117,4,14,0,0,2019 Q3
69,2019,4,Birnin-Gwari,56,1395,0,0,0,0,196,0,0,0,0,20,3,10,0,1,0,0,2019 Q4
70,2019,4,Chikun,516,1444,0,0,15,0,266,0,0,9,0,40,3,72,0,66,250,0,2019 Q4
71,2019,4,Giwa,242,1764,0,2,0,0,252,0,2,0,0,54,2,39,1,14,0,0,2019 Q4
72,2019,4,Igabi,521,2287,0,9,0,0,21,0,10,0,0,24,0,75,0,5,0,0,2019 Q4
73,2019,4,Ikara,360,2804,0,6,0,0,9,0,6,0,0,14,0,22,0,16,0,0,2019 Q4
74,2019,4,Jaba,192,4542,0,6,0,0,17,0,6,0,0,17,1,13,0,3,0,0,2019 Q4
75,2019,4,Jema'a,701,5556,0,4,0,0,37,0,4,0,0,37,0,52,1,49,89,0,2019 Q4
76,2019,4,Kachia,1030,75,0,118,2,0,14,0,4,2,0,14,0,79,0,0,0,0,2019 Q4
77,2019,4,Kaduna North,1127,170,0,20,3,0,11,0,3,3,0,15,0,174,1,58,2,0,2019 Q4
78,2019,4,Kaduna South,1538,243,42,24,6,0,8,0,2,6,0,6,0,147,2,148,620,0,2019 Q4
79,2019,4,Kagarko,187,307,0,128,1,0,11,0,23,1,0,12,0,16,0,2,0,0,2019 Q4
80,2019,4,Kajuru,569,474,0,155,0,0,40,0,6,0,0,4,1,21,0,0,0,0,2019 Q4
81,2019,4,Kaura,250,670,0,60,0,0,59,0,4,0,0,5,0,22,0,11,74,0,2019 Q4
82,2019,4,Kauru,221,1024,0,80,0,0,84,0,8,0,0,6,0,19,0,0,0,0,2019 Q4
83,2019,4,Kubau,260,1082,3,36,0,0,29,3,10,0,0,10,0,20,0,1,0,0,2019 Q4
84,2019,4,Kudan,644,621,0,67,0,0,50,0,1,0,0,0,12,23,0,1,0,0,2019 Q4
85,2019,4,Lere,285,695,0,196,0,0,90,0,7,0,0,0,15,27,0,2,0,0,2019 Q4
86,2019,4,Markafi,457,893,0,222,0,0,112,0,20,0,0,0,29,53,0,5,0,0,2019 Q4
87,2019,4,Sabon-Gari,1169,972,0,257,0,0,219,0,39,0,0,0,42,91,0,1,0,0,2019 Q4
88,2019,4,Sanga,297,4540,0,140,0,0,365,0,36,0,0,62,15,29,0,27,0,0,2019 Q4
89,2019,4,Soba,383,4153,10,142,0,0,365,0,45,0,0,107,0,17,0,5,76,0,2019 Q4
90,2019,4,Zango-Kataf,134,4196,0,680,0,0,939,0,81,0,0,126,0,25,0,9,0,0,2019 Q4
91,2019,4,Zaria,1210,3932,0,565,15,0,515,0,115,0,0,183,0,126,2,14,39,0,2019 Q4
92,2020,1,Birnin-Gwari,28,0,499,0,0,632,0,64,0,0,60,0,124,13,0,1,8,0,2020 Q1
93,2020,1,Chikun,582,0,321,0,0,545,48,21,0,0,71,0,140,70,0,44,303,0,2020 Q1
94,2020,1,Giwa,115,0,0,0,0,0,0,0,0,0,0,0,0,62,3,11,1,0,2020 Q1
95,2020,1,Igabi,389,0,0,0,0,0,0,0,0,0,0,0,0,60,0,2,0,0,2020 Q1
96,2020,1,Ikara,557,0,97,20,71,15,292,20,3,0,0,28,343,17,0,21,0,0,2020 Q1
97,2020,1,Jaba,49,0,151,40,28,127,385,52,8,0,48,2,495,15,0,7,0,0,2020 Q1
98,2020,1,Jema'a,459,0,0,0,0,0,0,0,0,0,0,0,0,48,1,6,201,0,2020 Q1
99,2020,1,Kachia,1611,0,0,0,0,0,0,0,0,0,0,0,0,148,0,0,0,0,2020 Q1
100,2020,1,Kaduna North,1024,0,377,1,0,12,273,259,1,0,30,0,563,178,0,52,477,0,2020 Q1
101,2020,1,Kaduna South,1677,0,136,0,0,0,347,147,0,0,19,0,513,235,4,145,826,0,2020 Q1
102,2020,1,Kagarko,100,0,0,0,0,0,0,0,0,0,0,0,0,13,0,1,0,0,2020 Q1
103,2020,1,Kajuru,554,0,0,0,0,0,0,0,0,0,0,0,0,18,0,0,0,0,2020 Q1
104,2020,1,Kaura,235,2,109,0,0,62,173,27,0,0,52,0,254,20,0,10,99,0,2020 Q1
105,2020,1,Kauru,82,122,4,0,0,132,203,8,0,0,42,0,263,20,0,0,0,0,2020 Q1
106,2020,1,Kubau,218,0,0,0,0,0,0,0,0,0,0,0,0,17,0,0,0,0,2020 Q1
107,2020,1,Kudan,388,0,0,0,0,0,0,0,0,0,0,0,0,19,0,0,0,1,2020 Q1
108,2020,1,Lere,336,0,57,0,0,8,42,0,0,0,16,0,58,32,0,5,131,0,2020 Q1
109,2020,1,Markafi,313,0,289,2,0,68,92,10,2,0,36,0,140,34,0,2,0,0,2020 Q1
110,2020,1,Sabon-Gari,250,0,0,0,0,0,0,0,0,0,0,0,0,44,0,0,0,0,2020 Q1
111,2020,1,Sanga,248,0,0,0,0,0,0,0,0,0,0,0,0,31,0,39,0,0,2020 Q1
112,2020,1,Soba,415,0,228,92,0,120,49,32,2,0,10,0,93,17,0,0,398,0,2020 Q1
113,2020,1,Zango-Kataf,304,0,383,0,0,150,54,41,0,0,11,0,106,34,0,9,0,0,2020 Q1
114,2020,1,Zaria,1481,0,0,0,0,0,0,0,0,0,0,0,0,133,2,13,0,0,2020 Q1
115,2020,2,Birnin-Gwari,54,0,0,0,0,0,0,0,0,0,0,0,0,13,0,0,0,0,2020 Q2
116,2020,2,Chikun,441,0,595,10,0,138,234,68,1,0,36,0,339,58,0,26,315,1,2020 Q2
117,2020,2,Giwa,59,0,560,85,0,419,158,44,11,0,45,0,258,10,0,11,0,0,2020 Q2
118,2020,2,Igabi,381,0,0,0,0,0,0,0,0,0,0,0,0,43,0,1,0,0,2020 Q2
119,2020,2,Ikara,197,0,0,0,0,0,0,0,0,0,0,0,0,12,1,8,132,0,2020 Q2
120,2020,2,Jaba,81,0,2093,0,0,198,229,239,0,0,0,29,497,13,0,14,40,0,2020 Q2
121,2020,2,Jema'a,365,0,1987,0,0,115,196,258,0,0,0,12,466,44,0,27,267,0,2020 Q2
122,2020,2,Kachia,1577,0,0,0,0,0,0,0,0,0,0,0,0,127,0,4,0,0,2020 Q2
123,2020,2,Kaduna North,1600,0,0,0,0,0,0,0,0,0,0,0,0,188,4,83,0,0,2020 Q2
124,2020,2,Kaduna South,1249,0,0,295,0,683,442,171,0,0,208,0,821,208,3,84,789,0,2020 Q2
125,2020,2,Kagarko,310,0,0,40,0,1105,671,0,5,0,317,0,993,17,2,1,0,0,2020 Q2
126,2020,2,Kajuru,681,0,0,0,0,0,0,0,0,0,0,0,0,21,0,0,0,0,2020 Q2
127,2020,2,Kaura,176,0,0,0,0,0,0,0,0,0,0,0,0,20,0,2,113,0,2020 Q2
128,2020,2,Kauru,143,0,0,32,0,170,512,2,6,0,62,0,582,22,0,0,0,0,2020 Q2
129,2020,2,Kubau,197,0,0,32,0,113,582,1,32,0,66,12,693,21,0,4,0,0,2020 Q2
130,2020,2,Kudan,301,0,0,0,0,0,0,0,0,0,0,0,0,10,0,1,152,0,2020 Q2
131,2020,2,Lere,248,0,0,0,0,0,0,0,0,0,0,0,0,27,1,0,35,0,2020 Q2
132,2020,2,Markafi,342,0,0,0,0,0,206,0,0,0,1,0,207,35,0,2,0,0,2020 Q2
133,2020,2,Sabon-Gari,1098,0,0,0,0,33,277,0,0,0,2,0,279,70,0,0,0,0,2020 Q2
134,2020,2,Sanga,324,0,0,0,0,0,0,0,0,0,0,0,0,21,0,35,0,0,2020 Q2
135,2020,2,Soba,518,0,0,0,0,0,0,0,0,0,0,0,0,21,0,0,503,0,2020 Q2
136,2020,2,Zango-Kataf,321,0,1882,0,0,42,133,124,0,0,13,0,270,31,0,24,0,0,2020 Q2
137,2020,2,Zaria,1611,0,2023,0,0,28,138,120,0,0,13,3,274,158,1,7,1569,1,2020 Q2
138,2020,3,Birnin-Gwari,679,0,0,0,0,0,0,0,0,0,0,0,0,23,0,0,0,0,2020 Q3
139,2020,3,Chikun,757,0,0,0,0,0,0,0,0,0,0,0,0,68,0,30,622,0,2020 Q3
140,2020,3,Giwa,288,0,310,0,0,143,32,40,0,0,16,2,90,52,0,9,0,0,2020 Q3
141,2020,3,Igabi,554,0,300,0,0,181,63,30,0,0,19,0,112,70,0,5,0,0,2020 Q3
142,2020,3,Ikara,293,0,0,0,0,0,0,0,0,0,0,0,0,16,1,15,215,0,2020 Q3
143,2020,3,Jaba,231,0,0,0,0,0,0,0,0,0,0,0,0,10,0,0,0,0,2020 Q3
144,2020,3,Jema'a,648,0,2780,0,0,1695,176,225,0,0,224,0,625,48,0,8,0,1,2020 Q3
145,2020,3,Kachia,2020,0,1845,0,0,1134,187,229,0,0,144,0,560,141,0,0,0,0,2020 Q3
146,2020,3,Kaduna North,3051,0,0,0,0,0,0,0,0,0,0,0,0,256,4,60,1929,0,2020 Q3
147,2020,3,Kaduna South,1894,0,0,0,0,0,0,0,0,0,0,0,0,219,7,110,1229,0,2020 Q3
148,2020,3,Kagarko,459,0,16,0,0,10,82,18,0,0,10,0,110,13,1,0,0,0,2020 Q3
149,2020,3,Kajuru,2051,0,18,0,0,14,118,27,0,0,13,0,158,23,0,0,0,0,2020 Q3
150,2020,3,Kaura,240,0,0,0,0,0,0,0,0,0,0,0,0,18,0,11,75,0,2020 Q3
151,2020,3,Kauru,464,0,0,0,0,0,0,0,0,0,0,0,0,32,0,0,0,0,2020 Q3
152,2020,3,Kubau,236,0,25,0,0,57,46,4,0,0,10,0,60,29,0,3,0,3,2020 Q3
153,2020,3,Kudan,1108,0,5,0,0,81,62,0,0,0,10,0,72,22,0,0,759,0,2020 Q3
154,2020,3,Lere,378,0,0,0,0,0,0,0,0,0,0,0,0,30,0,10,252,15,2020 Q3
155,2020,3,Markafi,668,0,0,0,0,0,0,0,0,0,0,0,0,35,0,1,0,0,2020 Q3
156,2020,3,Sabon-Gari,1556,0,0,0,0,5,46,0,0,0,5,0,51,80,0,0,0,0,2020 Q3
157,2020,3,Sanga,438,0,0,2,0,12,39,0,2,0,5,15,61,32,0,19,10,0,2020 Q3
158,2020,3,Soba,645,0,0,0,0,0,0,0,0,0,0,0,0,37,0,0,640,0,2020 Q3
159,2020,3,Zango-Kataf,445,0,0,0,0,0,0,0,0,0,0,0,0,41,0,10,0,0,2020 Q3
160,2020,3,Zaria,2546,0,1,5,0,193,99,1,5,0,36,1,142,198,3,6,0,0,2020 Q3
161,2020,4,Birnin-Gwari,1158,0,0,2,0,187,137,0,2,0,35,0,174,46,0,2,780,0,2020 Q4
162,2020,4,Chikun,1137,0,0,0,0,0,0,0,0,0,0,0,0,71,0,35,1055,0,2020 Q4
163,2020,4,Giwa,438,0,0,0,0,0,0,0,0,0,0,0,0,58,0,16,396,0,2020 Q4
164,2020,4,Igabi,1077,0,9,0,0,41,245,9,0,0,41,0,295,99,0,5,0,0,2020 Q4
165,2020,4,Ikara,593,0,23,0,0,49,243,21,0,0,49,0,313,31,0,9,488,0,2020 Q4
166,2020,4,Jaba,109,0,0,0,0,0,0,0,0,0,0,0,0,13,0,1,0,0,2020 Q4
167,2020,4,Jema'a,1159,0,0,0,0,0,0,0,0,0,0,0,0,61,2,18,658,0,2020 Q4
168,2020,4,Kachia,2042,0,113,3,0,10,50,21,3,0,10,0,84,162,1,0,14,0,2020 Q4
169,2020,4,Kaduna North,4071,0,37,3,0,10,33,2,3,0,10,0,48,336,2,57,2944,0,2020 Q4
170,2020,4,Kaduna South,2579,0,0,0,0,0,0,0,0,0,0,0,0,273,8,130,2113,0,2020 Q4
171,2020,4,Kagarko,937,0,0,0,0,0,0,0,0,0,0,0,0,26,2,1,0,0,2020 Q4
172,2020,4,Kajuru,1307,0,66,0,0,20,76,8,0,0,6,0,90,29,0,0,0,0,2020 Q4
173,2020,4,Kaura,377,0,209,0,0,61,62,17,0,0,9,6,94,20,0,11,190,0,2020 Q4
174,2020,4,Kauru,868,0,0,0,0,0,0,0,0,0,0,0,0,78,0,0,0,0,2020 Q4
175,2020,4,Kubau,448,0,0,0,0,0,0,0,0,0,0,0,0,33,0,0,0,0,2020 Q4
176,2020,4,Kudan,1092,0,482,0,0,371,102,38,0,0,0,63,203,29,0,0,1041,0,2020 Q4
177,2020,4,Lere,605,0,613,0,0,543,106,48,0,0,64,0,218,48,0,2,396,0,2020 Q4
178,2020,4,Markafi,1302,0,0,0,0,0,0,0,0,0,0,0,0,60,0,6,0,0,2020 Q4
179,2020,4,Sabon-Gari,2145,0,0,0,0,0,0,0,0,0,0,0,0,87,0,0,0,0,2020 Q4
180,2020,4,Sanga,380,0,854,0,0,890,519,109,0,0,139,0,767,21,0,22,98,0,2020 Q4
181,2020,4,Soba,894,0,1600,58,0,1030,454,172,5,0,174,0,805,51,0,0,843,0,2020 Q4
182,2020,4,Zango-Kataf,562,0,0,0,0,0,0,0,0,0,0,0,0,50,0,22,0,0,2020 Q4
183,2020,4,Zaria,3677,0,0,0,0,0,0,0,0,0,0,0,0,230,3,16,3449,8,2020 Q4
184,2021,1,Birnin-Gwari,742,653,31,0,0,0,0,0,0,0,9,6,0,29,0,0,742,0,2021 Q1
185,2021,1,Kagarko,147,846,0,0,0,0,601,0,0,0,27,25,0,20,0,1,0,0,2021 Q1
186,2021,1,Kaduna North,4825,617,38,0,0,0,50,0,0,0,1,0,46,360,1,77,3431,0,2021 Q1
187,2021,1,Kajuru,1708,1052,0,0,0,0,0,0,0,0,21,32,0,34,0,0,0,0,2021 Q1
188,2021,1,Kachia,2150,424,131,0,0,27,14,0,35,0,14,0,23,176,0,10,0,0,2021 Q1
189,2021,1,Kaura,352,857,84,0,0,0,0,0,29,0,6,0,10,40,0,14,152,0,2021 Q1
190,2021,1,Kauru,1609,636,126,0,30,0,22,0,34,0,4,14,30,113,0,0,0,0,2021 Q1
191,2021,1,Jema'a,1407,2901,168,0,10,0,24,0,35,0,26,3,28,58,1,0,1407,0,2021 Q1
192,2021,1,Kubau,366,778,14,0,0,0,7,0,14,0,37,28,0,39,0,3,0,0,2021 Q1
193,2021,1,Jaba,148,37,71,0,0,0,34,0,84,0,34,31,0,23,0,5,0,0,2021 Q1
194,2021,1,Kudan,579,367,0,0,3,0,19,0,46,0,19,41,3,21,0,1,409,0,2021 Q1
195,2021,1,Ikara,206,5316,19,0,2,0,31,0,18,0,27,24,0,19,1,9,61,0,2021 Q1
196,2021,1,Markafi,873,1202,5,0,0,0,11,12,5,0,11,24,0,58,0,2,0,0,2021 Q1
197,2021,1,Lere,518,973,7,0,0,0,12,7,7,0,12,24,1,51,1,11,468,0,2021 Q1
198,2021,1,Igabi,1233,995,0,0,0,0,27,11,0,0,28,16,0,100,0,2,0,0,2021 Q1
199,2021,1,Zaria,2406,1748,0,0,0,0,115,9,0,0,29,54,0,189,3,0,2406,0,2021 Q1
200,2021,1,Chikun,593,173,23,2,0,0,5,0,0,0,5,13,0,99,0,27,506,0,2021 Q1
201,2021,1,Zango-Kataf,554,222,259,0,0,0,6,0,2,0,6,9,0,56,0,20,0,0,2021 Q1
202,2021,1,Giwa,843,430,113,0,0,0,13,0,1,0,6,7,0,71,0,0,0,0,2021 Q1
203,2021,1,Soba,776,631,208,0,0,0,34,0,3,0,14,29,19,43,0,0,733,0,2021 Q1
204,2021,1,Sabon-Gari,1378,95,32,0,0,0,22,0,3,0,18,11,0,66,0,0,0,0,2021 Q1
205,2021,1,Sanga,194,119,50,0,0,0,40,0,0,0,15,0,6,28,1,13,0,0,2021 Q1
206,2021,1,Kaduna South,3135,199,4,0,0,0,10,0,2,0,6,3,0,277,11,143,2634,0,2021 Q1
207,2021,2,Sanga,266,252,35,0,0,0,10,0,4,0,4,8,0,25,0,2,0,0,2021 Q2
208,2021,2,Kubau,616,927,275,0,0,0,21,0,26,0,17,29,0,43,0,0,0,0,2021 Q2
209,2021,2,Kudan,725,966,331,0,6,0,36,0,46,0,23,0,22,23,0,0,390,20,2021 Q2
210,2021,2,Kauru,3626,1487,424,0,230,0,29,0,37,0,29,30,13,167,0,0,0,0,2021 Q2
211,2021,2,Markafi,676,1100,504,0,0,0,71,0,44,0,20,77,0,60,0,5,0,0,2021 Q2
212,2021,2,Soba,625,1096,1028,0,0,0,4,0,40,0,8,15,0,55,0,0,570,0,2021 Q2
213,2021,2,Kaura,334,1623,1405,0,0,0,36,0,57,0,17,0,23,24,0,1,70,0,2021 Q2
214,2021,2,Kaduna South,2284,1478,815,0,0,0,1,0,47,0,1,8,26,249,4,101,1491,0,2021 Q2
215,2021,2,Kajuru,2657,3469,0,0,0,0,21,0,0,0,8,0,33,90,0,3,0,0,2021 Q2
216,2021,2,Zango-Kataf,667,4270,555,0,46,0,130,0,32,0,40,109,13,62,0,30,0,0,2021 Q2
217,2021,2,Kagarko,341,4123,0,0,0,0,54,0,5,0,31,83,0,18,0,1,0,0,2021 Q2
218,2021,2,Lere,589,3351,12,37,1,0,74,0,1,4,124,198,0,57,0,6,0,0,2021 Q2
219,2021,2,Zaria,4258,4937,12,37,15,0,74,0,26,2,109,264,0,278,9,9,0,0,2021 Q2
220,2021,2,Sabon-Gari,1564,3172,146,0,139,0,122,0,4,0,92,104,0,82,0,0,0,0,2021 Q2
221,2021,2,Chikun,968,2116,0,0,31,0,168,0,0,0,103,111,0,123,0,7,0,1,2021 Q2
222,2021,2,Giwa,1483,2112,0,25,65,0,220,0,0,17,125,97,0,136,0,6,0,0,2021 Q2
223,2021,2,Kaduna North,4123,3193,0,0,27,0,20,0,8,1,101,122,0,373,0,70,2685,0,2021 Q2
224,2021,2,Jema'a,1418,20,0,0,0,0,0,0,0,0,0,1,0,97,1,4,1069,0,2021 Q2
225,2021,2,Igabi,1222,341,0,0,0,0,0,0,0,0,0,0,0,89,0,7,0,0,2021 Q2
226,2021,2,Birnin-Gwari,1450,32,0,0,0,0,0,0,0,0,0,0,0,75,0,0,1010,0,2021 Q2
227,2021,2,Kachia,3079,20,0,0,0,0,0,0,0,0,0,1,0,255,0,6,0,0,2021 Q2
228,2021,2,Jaba,238,1702,0,0,0,0,6,0,0,0,5,3,0,24,0,0,238,0,2021 Q2
229,2021,2,Ikara,485,2607,50,0,0,0,0,0,8,0,6,3,0,26,2,0,444,0,2021 Q2
230,2021,3,Kubau,603,3648,213,0,0,0,0,0,9,0,3,3,0,42,0,1,0,0,2021 Q3
231,2021,3,Soba,684,3317,56,0,0,0,9,0,11,0,1,13,0,54,0,0,630,0,2021 Q3
232,2021,3,Ikara,567,273,72,0,0,0,7,0,12,0,6,3,0,29,0,1,539,0,2021 Q3
233,2021,3,Lere,648,246,86,0,0,0,2,0,12,0,2,5,0,45,0,11,609,0,2021 Q3
234,2021,3,Chikun,856,290,78,0,0,0,2,0,2,0,0,0,2,147,0,2,436,8,2021 Q3
235,2021,3,Igabi,1339,475,77,0,0,0,9,0,4,0,5,0,14,110,0,3,116,0,2021 Q3
236,2021,3,Markafi,897,3,109,0,0,0,1,0,109,0,1,0,0,70,0,5,0,0,2021 Q3
237,2021,3,Sanga,252,50,117,0,0,0,0,0,118,0,0,0,0,22,0,8,0,0,2021 Q3
238,2021,3,Kudan,879,61,138,0,0,0,0,0,138,0,0,51,0,32,0,16,458,0,2021 Q3
239,2021,3,Jaba,213,1274,2978,0,0,0,0,0,219,0,0,303,0,25,0,2,189,0,2021 Q3
240,2021,3,Kaduna North,3528,366,0,0,0,0,0,0,0,0,3,6,0,404,1,104,2441,0,2021 Q3
241,2021,3,Kauru,4495,611,3,0,0,0,2,0,0,0,2,5,0,199,0,0,0,0,2021 Q3
242,2021,3,Kaduna South,2349,596,7,0,0,0,1,0,7,0,1,2,0,275,5,210,1379,0,2021 Q3
243,2021,3,Zaria,4762,698,6,0,0,0,0,0,6,0,2,7,0,354,4,13,0,0,2021 Q3
244,2021,3,Kagarko,421,579,70,0,0,0,22,0,0,0,4,5,0,32,0,1,0,0,2021 Q3
245,2021,3,Kachia,2294,703,10,0,0,0,56,0,0,0,4,3,0,213,0,0,0,0,2021 Q3
246,2021,3,Kajuru,3859,866,78,0,0,0,47,0,5,0,4,4,0,105,0,1,0,0,2021 Q3
247,2021,3,Giwa,2056,787,121,0,0,0,67,0,4,0,3,4,0,239,0,7,0,0,2021 Q3
248,2021,3,Sabon-Gari,1641,477,0,0,0,0,12,0,0,0,12,4,1,107,1,0,0,0,2021 Q3
249,2021,3,Jema'a,2211,585,0,0,0,2,8,0,0,0,8,0,4,115,3,27,200,0,2021 Q3
250,2021,3,Kaura,370,580,2,0,2,0,11,0,1,1,11,5,0,12,0,22,91,0,2021 Q3
251,2021,3,Zango-Kataf,570,780,2,0,5,0,4,0,2,0,4,6,0,53,0,24,0,0,2021 Q3
252,2021,3,Birnin-Gwari,700,588,278,0,0,0,97,0,3,0,21,23,0,50,0,0,700,0,2021 Q3
253,2021,4,Zango-Kataf,793,483,175,0,0,0,100,0,5,0,21,20,3,64,0,33,0,0,2021 Q4
254,2021,4,Sanga,217,852,45,0,15,0,140,0,0,0,26,40,3,20,0,7,0,5,2021 Q4
255,2021,4,Soba,598,950,321,0,0,0,220,0,5,0,31,54,2,45,0,1,553,0,2021 Q4
256,2021,4,Kaduna North,5008,1353,14,0,0,0,11,0,14,0,11,24,0,488,1,100,3922,0,2021 Q4
257,2021,4,Birnin-Gwari,1341,1535,7,0,0,0,16,0,7,0,22,14,0,105,0,1,1236,0,2021 Q4
258,2021,4,Chikun,3576,1610,3,0,0,0,17,0,4,0,18,17,1,339,0,13,0,0,2021 Q4
259,2021,4,Zaria,5252,1783,19,0,0,0,14,0,19,0,23,37,0,430,5,17,0,0,2021 Q4
260,2021,4,Kagarko,276,21,139,0,2,0,4,0,15,0,6,14,0,20,0,0,0,0,2021 Q4
261,2021,4,Kaduna South,3210,5,261,0,3,0,4,0,20,0,4,15,0,287,7,157,2057,0,2021 Q4
262,2021,4,Kachia,3483,64,178,0,6,0,4,0,11,0,4,6,0,284,0,8,0,0,2021 Q4
263,2021,4,Kajuru,3373,37,185,0,1,0,15,0,1,0,15,12,0,136,0,1,0,0,2021 Q4
264,2021,4,Jema'a,1718,394,369,0,0,0,13,0,15,0,1,4,1,131,4,0,1689,0,2021 Q4
265,2021,4,Kaura,561,544,69,0,0,0,11,0,6,0,3,5,0,25,0,19,130,0,2021 Q4
266,2021,4,Sabon-Gari,1885,455,165,0,0,0,57,0,9,0,10,6,0,119,0,0,0,0,2021 Q4
267,2021,4,Kauru,4754,429,106,0,0,0,62,3,7,0,3,10,0,285,0,0,0,0,2021 Q4
268,2021,4,Jaba,297,375,126,0,0,0,47,0,13,0,11,0,12,18,0,0,156,0,2021 Q4
269,2021,4,Ikara,873,415,171,0,0,0,82,0,14,0,14,0,15,36,0,16,697,0,2021 Q4
270,2021,4,Kudan,832,325,183,0,0,0,62,0,11,0,13,0,29,36,0,6,320,0,2021 Q4
271,2021,4,Igabi,1896,541,180,0,0,0,72,0,5,0,8,0,42,191,0,2,0,0,2021 Q4
272,2021,4,Lere,784,153,0,0,0,0,36,0,0,0,36,62,15,59,3,4,601,0,2021 Q4
273,2021,4,Markafi,1271,4258,0,0,0,0,37,0,0,0,37,107,0,91,0,6,0,1,2021 Q4
274,2021,4,Giwa,5328,4762,0,0,0,0,26,0,0,0,26,126,0,512,0,16,0,0,2021 Q4
275,2021,4,Kubau,704,4831,182,0,15,0,296,0,21,0,57,183,0,62,0,1,0,0,2021 Q4
276,2022,1,Ikara,823,993,0,24,0,0,283,0,0,0,0,6,0,39,1,1,672,0,2022 Q1
277,2022,1,Kagarko,565,673,0,194,0,0,253,0,16,0,0,25,0,35,1,0,0,0,2022 Q1
278,2022,1,Soba,675,1045,0,793,0,0,394,0,34,0,0,0,46,48,0,0,627,0,2022 Q1
279,2022,1,Jaba,531,470,0,745,0,0,247,0,68,0,0,32,0,35,0,0,0,0,2022 Q1
280,2022,1,Kubau,555,2717,152,618,0,27,33,0,76,0,0,0,23,70,0,0,0,0,2022 Q1
281,2022,1,Jema'a,1789,1652,0,336,0,0,40,0,46,0,0,0,10,129,1,6,0,0,2022 Q1
282,2022,1,Kaduna South,4718,2902,0,212,30,0,269,0,35,5,0,14,30,324,2,9,0,0,2022 Q1
283,2022,1,Markafi,1034,3794,0,87,10,0,97,0,18,2,0,3,28,75,0,1,0,0,2022 Q1
284,2022,1,Kachia,4279,5318,0,0,0,0,10,0,0,0,0,28,0,363,0,0,0,0,2022 Q1
285,2022,1,Lere,619,3241,0,0,0,0,27,0,0,0,0,31,0,51,1,2,462,0,2022 Q1
286,2022,1,Sanga,210,4971,0,56,3,0,37,0,77,3,0,41,3,34,0,12,0,0,2022 Q1
287,2022,1,Kajuru,2980,5521,0,237,2,0,20,0,299,2,0,24,0,179,0,1,0,0,2022 Q1
288,2022,1,Kudan,764,1510,55,0,0,0,20,12,0,0,0,24,0,39,0,4,380,0,2022 Q1
289,2022,1,Zango-Kataf,738,1671,71,0,0,0,24,7,0,0,0,24,1,79,0,12,0,0,2022 Q1
290,2022,1,Birnin-Gwari,1284,2702,203,2,0,0,47,11,2,0,0,16,0,126,0,1,0,0,2022 Q1
291,2022,1,Kauru,6487,2257,314,249,0,0,179,9,52,0,0,54,0,399,0,0,0,0,2022 Q1
292,2022,1,Chikun,3563,590,18,200,0,0,10,0,1,0,0,13,0,319,0,9,0,0,2022 Q1
293,2022,1,Igabi,1584,458,0,284,0,0,9,0,0,0,0,9,0,148,0,6,0,0,2022 Q1
294,2022,1,Kaura,449,1272,0,371,0,0,7,0,3,0,0,7,0,22,0,32,85,0,2022 Q1
295,2022,1,Kaduna North,6623,671,0,404,0,0,23,0,1,0,0,29,19,642,3,309,5275,0,2022 Q1
296,2022,1,Sabon-Gari,2384,481,0,20,0,0,20,0,3,0,0,11,0,163,0,0,0,0,2022 Q1
297,2022,1,Giwa,6169,324,0,40,0,0,23,0,6,0,0,0,6,523,4,11,0,0,2022 Q1
298,2022,1,Zaria,4958,722,0,30,0,0,10,0,4,0,0,3,0,659,1,22,0,0,2022 Q1
299,2022,2,Lere,682,622,0,17,0,0,8,0,18,0,0,8,0,45,0,3,637,0,2022 Q2
300,2022,2,Kudan,1036,1652,0,76,0,0,39,0,13,0,0,29,0,39,0,27,538,1,2022 Q2
301,2022,2,Kaura,583,1312,0,259,6,0,63,0,26,6,0,0,22,41,0,29,64,0,2022 Q2
302,2022,2,Kubau,837,2387,0,635,230,0,257,0,63,25,0,30,13,60,0,2,0,0,2022 Q2
303,2022,2,Kagarko,457,3637,0,532,0,0,219,0,192,2,0,77,0,39,0,0,0,0,2022 Q2
304,2022,2,Markafi,1395,4215,0,0,0,0,27,0,0,0,0,15,0,83,0,4,0,0,2022 Q2
305,2022,2,Kajuru,3454,1341,0,1056,0,0,119,0,147,0,0,0,23,211,0,0,0,0,2022 Q2
306,2022,2,Kaduna North,7361,1587,0,2540,0,0,169,0,240,0,0,8,26,717,3,115,5991,0,2022 Q2
307,2022,2,Kaduna South,2973,1829,0,2556,0,0,167,0,247,0,0,0,33,327,4,45,0,0,2022 Q2
308,2022,2,Kauru,5145,6284,0,51,46,0,485,0,14,5,0,109,13,396,0,0,0,0,2022 Q2
309,2022,2,Kachia,2489,7361,0,0,0,0,173,0,0,3,0,83,0,383,0,13,0,0,2022 Q2
310,2022,2,Sabon-Gari,2824,6490,0,0,1,0,164,0,0,0,0,198,0,204,0,0,0,0,2022 Q2
311,2022,2,Birnin-Gwari,1140,8935,0,235,15,0,428,0,182,5,0,264,0,109,0,0,782,34,2022 Q2
312,2022,2,Jema'a,1656,4073,0,119,139,0,388,0,0,32,0,104,0,158,0,7,0,0,2022 Q2
313,2022,2,Sanga,216,2140,0,0,31,0,684,0,0,4,0,111,0,36,0,5,0,0,2022 Q2
314,2022,2,Jaba,387,4061,0,1,65,0,502,0,0,25,0,97,0,20,0,0,0,0,2022 Q2
315,2022,2,Ikara,774,5357,0,0,27,0,289,0,0,14,0,122,0,40,0,0,0,0,2022 Q2
316,2022,2,Soba,794,34,0,0,0,0,1,0,0,0,0,1,0,48,0,0,746,0,2022 Q2
317,2022,2,Zaria,4640,457,0,0,0,0,0,0,0,0,0,0,0,628,6,12,0,0,2022 Q2
318,2022,2,Igabi,1780,789,0,0,0,0,0,0,0,0,0,0,0,153,4,2,0,0,2022 Q2
319,2022,2,Zango-Kataf,981,1827,0,0,0,0,0,0,0,0,0,1,0,79,0,14,0,0,2022 Q2
320,2022,2,Giwa,3259,2833,0,147,0,0,0,0,21,0,0,3,0,416,0,19,0,0,2022 Q2
321,2022,2,Chikun,2315,2998,0,456,0,0,3,0,46,0,0,3,0,243,0,308,598,0,2022 Q2
322,2022,3,Zaria,5815,3366,0,385,0,0,0,0,36,0,0,3,0,734,3,14,0,0,2022 Q3
323,2022,3,Kubau,1875,4256,0,437,0,0,28,0,163,0,0,13,0,90,0,1,0,0,2022 Q3
324,2022,3,Kudan,1420,341,0,87,0,0,21,0,2,0,0,3,0,56,0,27,786,2,2022 Q3
325,2022,3,Markafi,1725,521,0,54,0,0,5,0,8,0,0,5,0,141,0,15,0,0,2022 Q3
326,2022,3,Soba,1188,1039,0,240,0,0,23,0,7,0,0,0,2,73,0,0,1115,0,2022 Q3
327,2022,3,Lere,897,604,0,155,0,0,50,0,48,0,0,0,14,43,0,5,854,0,2022 Q3
328,2022,3,Sabon-Gari,4565,5254,0,1203,0,0,0,0,8,0,0,0,0,342,2,0,0,0,2022 Q3
329,2022,3,Zango-Kataf,1227,1243,0,3900,0,0,0,0,327,0,0,0,0,130,0,15,0,0,2022 Q3
330,2022,3,Sanga,323,1034,0,7312,0,0,0,0,407,0,0,51,0,24,0,7,0,0,2022 Q3
331,2022,3,Jaba,762,1604,0,1876,0,0,3549,0,170,0,0,303,0,48,0,0,0,0,2022 Q3
332,2022,3,Kauru,8346,523,0,10,0,0,6,0,10,0,0,6,0,544,0,0,0,0,2022 Q3
333,2022,3,Birnin-Gwari,2232,830,0,5,0,0,4,0,5,0,0,5,0,103,0,1,0,0,2022 Q3
334,2022,3,Chikun,3413,1817,0,56,0,0,2,0,11,0,0,2,0,376,0,0,3413,0,2022 Q3
335,2022,3,Giwa,5067,1059,0,16,0,0,8,0,15,0,0,7,0,572,0,14,0,0,2022 Q3
336,2022,3,Igabi,2954,707,0,15,0,0,24,0,0,0,0,5,0,243,1,0,0,0,2022 Q3
337,2022,3,Jema'a,3509,963,0,13,0,0,33,0,2,0,0,3,0,269,3,0,0,0,2022 Q3
338,2022,3,Kachia,4299,1257,0,40,0,0,123,0,3,0,0,4,0,496,0,37,0,0,2022 Q3
339,2022,3,Kaduna North,6655,970,0,49,0,0,67,0,4,0,0,4,0,721,2,53,5449,0,2022 Q3
340,2022,3,Kaduna South,4629,617,0,0,0,0,5,0,0,0,0,4,1,378,6,48,0,0,2022 Q3
341,2022,3,Ikara,1650,679,0,1,0,2,5,0,1,2,0,0,4,41,0,1,1607,0,2022 Q3
342,2022,3,Kagarko,789,883,0,0,2,0,5,0,0,2,0,5,0,73,0,0,0,0,2022 Q3
343,2022,3,Kaura,1302,963,0,0,5,0,6,0,0,5,0,6,0,43,0,49,405,0,2022 Q3
344,2022,3,Kajuru,3751,977,0,57,0,0,152,0,6,0,0,23,0,253,0,4,0,0,2022 Q3
345,2022,4,Kauru,7029,1395,0,0,0,0,196,0,0,0,0,20,3,597,0,0,0,0,2022 Q4
346,2022,4,Zaria,5026,1444,0,0,15,0,266,0,0,9,0,40,3,836,4,12,0,0,2022 Q4
347,2022,4,Kaura,809,1764,0,2,0,0,252,0,2,0,0,54,2,82,0,25,110,0,2022 Q4
348,2022,4,Birnin-Gwari,1462,2287,0,9,0,0,21,0,10,0,0,24,0,146,0,1,0,0,2022 Q4
349,2022,4,Zango-Kataf,1448,2804,0,6,0,0,9,0,6,0,0,14,0,153,0,14,0,0,2022 Q4
350,2022,4,Chikun,3988,4542,0,6,0,0,17,0,6,0,0,17,1,457,1,14,0,0,2022 Q4
351,2022,4,Kaduna South,5674,5556,0,4,0,0,37,0,4,0,0,37,0,495,7,53,0,0,2022 Q4
352,2022,4,Giwa,5780,75,0,118,2,0,14,0,4,2,0,14,0,577,2,10,0,0,2022 Q4
353,2022,4,Soba,1150,170,0,20,3,0,11,0,3,3,0,15,0,118,0,0,1002,0,2022 Q4
354,2022,4,Kajuru,4721,243,42,24,6,0,8,0,2,6,0,6,0,283,0,3,0,0,2022 Q4
355,2022,4,Igabi,2999,307,0,128,1,0,11,0,23,1,0,12,0,252,0,0,0,0,2022 Q4
356,2022,4,Kubau,1083,474,0,155,0,0,40,0,6,0,0,4,1,94,0,4,0,0,2022 Q4
357,2022,4,Sanga,447,670,0,60,0,0,59,0,4,0,0,5,0,42,0,4,0,0,2022 Q4
358,2022,4,Kaduna North,9613,1024,0,80,0,0,84,0,8,0,0,6,0,1022,3,96,8800,0,2022 Q4
359,2022,4,Kudan,1086,1082,3,36,0,0,29,3,10,0,0,10,0,60,0,21,723,3,2022 Q4
360,2022,4,Lere,974,621,0,67,0,0,50,0,1,0,0,0,12,64,1,9,910,0,2022 Q4
361,2022,4,Markafi,2027,695,0,196,0,0,90,0,7,0,0,0,15,152,0,6,0,0,2022 Q4
362,2022,4,Kagarko,1827,893,0,222,0,0,112,0,20,0,0,0,29,202,0,1,0,0,2022 Q4
363,2022,4,Kachia,4552,972,0,257,0,0,219,0,39,0,0,0,42,495,0,33,0,0,2022 Q4
364,2022,4,Sabon-Gari,5597,4540,0,140,0,0,365,0,36,0,0,62,15,348,0,1,0,0,2022 Q4
365,2022,4,Jaba,647,4153,10,142,0,0,365,0,45,0,0,107,0,66,1,1,0,0,2022 Q4
366,2022,4,Ikara,1098,4196,0,680,0,0,939,0,81,0,0,126,0,59,0,1,0,0,2022 Q4
367,2022,4,Jema'a,4388,3932,0,565,15,0,515,0,115,0,0,183,0,384,2,5,0,0,2022 Q4
368,2023,1,Kagarko,1987,0,0,499,0,0,632,0,64,0,0,60,0,207,0,0,0,0,2023 Q1
369,2023,1,Kajuru,4818,546,0,321,0,0,545,0,21,0,0,71,0,270,0,4,0,0,2023 Q1
370,2023,1,Kaura,941,0,0,0,0,0,0,0,0,0,0,0,0,90,0,46,85,0,2023 Q1
371,2023,1,Kauru,7134,0,0,0,0,0,0,0,0,0,0,0,0,625,0,0,0,0,2023 Q1
372,2023,1,Kubau,1175,3374,0,97,20,71,15,0,20,3,0,0,28,110,0,6,1169,0,2023 Q1
373,2023,1,Kudan,991,3587,0,151,40,28,127,0,52,8,0,48,2,60,0,15,517,0,2023 Q1
374,2023,1,Sanga,908,0,0,0,0,0,0,0,0,0,0,0,0,84,0,6,0,0,2023 Q1
375,2023,1,Markafi,2036,0,0,0,0,0,0,0,0,0,0,0,0,142,0,5,0,0,2023 Q1
376,2023,1,Sabon-Gari,7446,4300,0,377,1,0,12,0,259,1,0,30,0,295,0,2,0,0,2023 Q1
377,2023,1,Kaduna South,5369,4392,0,136,0,0,0,0,147,0,0,19,0,582,0,21,0,0,2023 Q1
378,2023,1,Soba,1399,0,0,0,0,0,0,0,0,0,0,0,0,90,0,0,1309,0,2023 Q1
379,2023,1,Zango-Kataf,1855,0,0,0,0,0,0,0,0,0,0,0,0,203,0,14,0,0,2023 Q1
380,2023,1,Lere,924,2682,2,109,0,0,62,2,27,0,0,52,0,51,0,0,924,0,2023 Q1
381,2023,1,Kaduna North,9219,2597,122,4,0,0,132,10,8,0,0,42,0,821,3,130,6753,0,2023 Q1
382,2023,1,Giwa,4740,0,0,0,0,0,0,0,0,0,0,0,0,563,0,10,0,0,2023 Q1
383,2023,1,Igabi,2855,0,0,0,0,0,0,0,0,0,0,0,0,254,0,1,0,0,2023 Q1
384,2023,1,Zaria,5668,499,0,57,0,0,8,0,0,0,0,16,0,767,0,9,0,0,2023 Q1
385,2023,1,Jema'a,3641,1567,0,289,2,0,68,0,10,2,0,36,0,339,0,7,0,0,2023 Q1
386,2023,1,Birnin-Gwari,1131,0,0,0,0,0,0,0,0,0,0,0,0,124,0,2,1021,0,2023 Q1
387,2023,1,Jaba,1089,0,0,0,0,0,0,0,0,0,0,0,0,93,0,2,0,0,2023 Q1
388,2023,1,Kachia,3779,649,0,228,92,0,120,0,32,2,0,10,0,497,0,29,0,0,2023 Q1
389,2023,1,Ikara,692,707,0,383,0,0,150,0,41,0,0,11,0,58,1,9,0,0,2023 Q1
390,2023,1,Chikun,3603,0,0,0,0,0,0,0,0,0,0,0,0,343,0,9,3594,0,2023 Q1
391,2023,2,Lere,1123,0,0,0,0,0,0,0,0,0,0,0,0,61,1,1,0,0,2023 Q2
392,2023,2,Chikun,3991,2898,0,595,10,0,138,0,68,1,0,36,0,495,0,12,3979,0,2023 Q2
393,2023,2,Markafi,2287,1986,0,560,85,0,419,0,44,11,0,45,0,174,2,7,0,0,2023 Q2
394,2023,2,Birnin-Gwari,1412,0,0,0,0,0,0,0,0,0,0,0,0,140,0,3,1409,0,2023 Q2
395,2023,2,Sanga,511,0,0,0,0,0,0,0,0,0,0,0,0,48,0,5,0,0,2023 Q2
396,2023,2,Soba,1067,1488,0,2093,0,0,198,0,239,0,0,0,29,94,0,0,398,0,2023 Q2
397,2023,2,Zango-Kataf,1889,1326,0,1987,0,0,115,0,258,0,0,0,12,218,0,21,0,0,2023 Q2
398,2023,2,Sabon-Gari,6420,0,0,0,0,0,0,0,0,0,0,0,0,313,0,0,0,0,2023 Q2
399,2023,2,Giwa,4586,0,0,0,0,0,0,0,0,0,0,0,0,513,2,11,0,0,2023 Q2
400,2023,2,Kachia,4379,8147,0,0,295,0,683,0,171,0,0,208,0,466,0,12,0,0,2023 Q2
401,2023,2,Kubau,1049,10368,0,0,40,0,1105,0,0,5,0,317,0,158,0,0,0,0,2023 Q2
402,2023,2,Igabi,2880,0,0,0,0,0,0,0,0,0,0,0,0,263,1,1,0,0,2023 Q2
403,2023,2,Kauru,6443,0,0,0,0,0,0,0,0,0,0,0,0,560,0,10,0,0,2023 Q2
404,2023,2,Kaura,1120,5167,0,0,32,0,170,0,2,6,0,62,0,112,0,26,205,0,2023 Q2
405,2023,2,Ikara,2228,7377,0,0,32,0,113,0,1,32,0,66,12,140,0,10,2218,1,2023 Q2
406,2023,2,Kajuru,5563,0,0,0,0,0,0,0,0,0,0,0,0,274,0,11,0,0,2023 Q2
407,2023,2,Kagarko,2882,0,0,0,0,0,0,0,0,0,0,0,0,279,0,2,0,0,2023 Q2
408,2023,2,Jaba,1240,1987,0,0,0,0,0,0,0,0,0,1,0,106,0,4,0,0,2023 Q2
409,2023,2,Kaduna South,7535,2847,0,0,0,0,33,0,0,0,0,2,0,693,6,47,0,0,2023 Q2
410,2023,2,Kaduna North,11513,0,0,0,0,0,0,0,0,0,0,0,0,993,0,82,9373,0,2023 Q2
411,2023,2,Jema'a,3050,0,0,0,0,0,0,0,0,0,0,0,0,258,2,9,0,0,2023 Q2
412,2023,2,Kudan,1341,2894,0,1882,0,0,42,0,124,0,0,13,0,72,0,11,217,0,2023 Q2
413,2023,2,Zaria,7299,3512,0,2023,0,0,28,0,120,0,0,13,3,805,4,10,0,0,2023 Q2
